Workbook
Name a: #REF!

Sheet Completati dal 2014
A1: Apertura Ticket | B1: Utente | C1: Status | D1: In carico a | E1: Brand | F1: Modello | G1: Data Arrivo | H1: Nome | I1: Cespite | J1: PSW CIRESON | K1: Data pianificazione | L1: Mail | M1: SCSM | N1: ARS | O1: Delivery | P1: Note | Q1: Scorta | R1: Conteggio pc | S1: Conteggio pc in lavorazione | T1: Problema Webcam Lenovo
A2: SR964075 | B2: Lunardelli, Piergiorgio (ITDGTOL00059116) | E2: Hewlett-Packard | F2: HP EliteBook 840 G6 | G2: 43728 | H2: ITDGTOL00069400 | I2: 69400 | J2: Giaveno69400 | K2: OK | L2: OK | M2: OK | N2: OK | T2: =_xlfn.XLOOKUP(H2,#REF!,#REF!,0,0) -> #REF!
A3: SR974804 | B3: Uso gen.Manutenzione(ITDGTOC00059302) Monchietto, Guido | E3: Hewlett-Packard | F3: HP EliteBook 840 G6 | G3: 43728 | H3: ITDGTOL00069401 | I3: 69401 | J3: Vomero69401 | K3: OK | L3: OK | N3: OK | T3: =_xlfn.XLOOKUP(H3,#REF!,#REF!,0,0) -> #REF!
A4: SR977729 | B4: Wiedner, Sunhilde (ITDGTOL00059368) | E4: Hewlett-Packard | F4: HP EliteBook 840 G6 | G4: 43728 | H4: ITDGTOL00069403 | I4: 69403 | J4: Italia69403 | K4: OK | L4: OK | M4: OK | N4: OK | T4: =_xlfn.XLOOKUP(H4,#REF!,#REF!,0,0) -> #REF!
A5: SR978321 | B5: Giai Merlera, Davide (ITDGTOL00059074) | E5: Hewlett-Packard | F5: HP EliteBook 840 G6 | G5: 43728 | H5: ITDGTOL00069406 | I5: 69406 | J5: Parigi69406 | K5: OK | L5: OK | N5: OK | T5: =_xlfn.XLOOKUP(H5,#REF!,#REF!,0,0) -> #REF!
A6: SR982043 | B6: Pizzitelli, Roberta (ITDGTOL00059363) | E6: Hewlett-Packard | F6: HP EliteBook 840 G6 | G6: 43728 | H6: ITDGTOL00069407 | I6: 69407 | J6: Venezia34 | K6: OK | L6: OK | N6: OK | T6: =_xlfn.XLOOKUP(H6,#REF!,#REF!,0,0) -> #REF!
A7: SR982049 | B7: Cotugno, Cosimo (ITDGTOC00059299) | E7: Hewlett-Packard | F7: HP EliteBook 840 G6 | G7: 43728 | H7: ITDGTOL00069408 | I7: 69408 | J7: Palermo77 | K7: OK | L7: OK | N7: OK | T7: =_xlfn.XLOOKUP(H7,#REF!,#REF!,0,0) -> #REF!
A8: SR983451 | B8: Ficco Davide (IDG2466 - Vedi note CMDB) | E8: Hewlett-Packard | F8: HP EliteBook 840 G6 | G8: 43728 | H8: ITDGTOL00069409 | I8: 69409 | J8: Artico57 | K8: OK | L8: OK | N8: OK | T8: =_xlfn.XLOOKUP(H8,#REF!,#REF!,0,0) -> #REF!
A9: SR983457 | B9: Latu Patrice (ITDGTOL00058590) | E9: Hewlett-Packard | F9: HP EliteBook 840 G6 | G9: 43728 | H9: ITDGTOL00069410 | I9: 69410 | J9: Bologna36 | K9: OK | L9: OK | M9: OK | N9: OK | T9: =_xlfn.XLOOKUP(H9,#REF!,#REF!,0,0) -> #REF!
B10: De Giorgis (ITDGTOC00060174) | E10: Hewlett-Packard | F10: HP EliteBook 840 G6 | G10: 43728 | H10: ITDGTOL00069411 | I10: 69411 | K10: In Corso | T10: =_xlfn.XLOOKUP(H10,#REF!,#REF!,0,0) -> #REF!
A11: SR956982 | B11: Cappello Lorenza (ITDGTOL00060225) | E11: Hewlett-Packard | F11: HP EliteBook 840 G6 | G11: 43728 | H11: ITDGTOL00069412 | I11: 69412 | J11: Macchina19 | K11: OK | L11: OK | N11: OK | T11: =_xlfn.XLOOKUP(H11,#REF!,#REF!,0,0) -> #REF!
A12: SR971925 | B12: Vigilante Raffele IG/P-S ITDGTOL00059115 | E12: Hewlett-Packard | F12: HP EliteBook 840 G6 | G12: 43728 | H12: ITDGTOL00069413 | I12: 69413 | J12: Livorno413 | K12: OK | L12: OK | M12: OK | N12: OK | T12: =_xlfn.XLOOKUP(H12,#REF!,#REF!,0,0) -> #REF!
A13: SR952940 | B13: Ozdemir, Fuat (ITDGTOL00059371) | E13: Hewlett-Packard | F13: HP EliteBook 840 G6 | G13: 43728 | H13: ITDGTOL00069419 | I13: 69419 | J13: EstRal19 | K13: OK | L13: OK | N13: OK | T13: =_xlfn.XLOOKUP(H13,#REF!,#REF!,0,0) -> #REF!
A14: SR951643 | B14: Del Rosso Marco (ITDGTOL00059109) | E14: Hewlett-Packard | F14: HP EliteBook 840 G6 | G14: 43728 | H14: ITDGTOL00069422 | I14: 69422 | J14: Cooler422 | K14: Ok | L14: OK | M14: OK | N14: OK | T14: =_xlfn.XLOOKUP(H14,#REF!,#REF!,0,0) -> #REF!
A15: SR965210 | B15: Damicis Claudio (ITDGTOC00059300) | E15: Hewlett-Packard | F15: HP EliteBook 840 G6 | G15: 43728 | H15: ITDGTOL00069426 | I15: 69426 | J15: Lorenzo19 | K15: OK | L15: OK | N15: OK | T15: =_xlfn.XLOOKUP(H15,#REF!,#REF!,0,0) -> #REF!
B16: Pelliccioni, Marco (ITDGTOL00059112) | E16: Hewlett-Packard | F16: HP EliteBook 840 G6 | G16: 43728 | H16: ITDGTOL00069431 | I16: 69431 | K16: In Corso | T16: =_xlfn.XLOOKUP(H16,#REF!,#REF!,0,0) -> #REF!
E17: Hewlett-Packard | F17: HP EliteBook 840 G6 | G17: 43728 | H17: ITDGTOL00069432 | I17: 69432 | K17: In Corso | T17: =_xlfn.XLOOKUP(H17,#REF!,#REF!,0,0) -> #REF!
E18: Hewlett-Packard | F18: HP EliteBook 840 G6 | G18: 43728 | H18: ITDGTOL00069433 | I18: 69433 | K18: In Corso | T18: =_xlfn.XLOOKUP(H18,#REF!,#REF!,0,0) -> #REF!
E19: Hewlett-Packard | F19: HP EliteBook 840 G6 | G19: 43728 | H19: ITDGTOL00069434 | I19: 69434 | K19: In Corso | T19: =_xlfn.XLOOKUP(H19,#REF!,#REF!,0,0) -> #REF!
E20: Hewlett-Packard | F20: HP EliteBook 840 G6 | G20: 43728 | H20: ITDGTOL00069435 | I20: 69435 | T20: =_xlfn.XLOOKUP(H20,#REF!,#REF!,0,0) -> #REF!
E21: Hewlett-Packard | F21: HP EliteBook 840 G6 | G21: 43728 | H21: ITDGTOL00069436 | I21: 69436 | T21: =_xlfn.XLOOKUP(H21,#REF!,#REF!,0,0) -> #REF!
B22: Favero Catia (IDG2460) | E22: Hewlett-Packard | F22: HP EliteBook 840 G6 | G22: 43728 | H22: ITDGTOL00069437 | I22: 69437 | L22: OK | T22: =_xlfn.XLOOKUP(H22,#REF!,#REF!,0,0) -> #REF!
B23: Sala Video Direzione (ITDGTOL00059068) | E23: Hewlett-Packard | F23: HP EliteBook 840 G6 | G23: 43728 | H23: ITDGTOL00069438 | I23: 69438 | T23: =_xlfn.XLOOKUP(H23,#REF!,#REF!,0,0) -> #REF!
B24: Bertazzoni Alessandro (ITDGTOL00058918) | E24: Hewlett-Packard | F24: HP EliteBook 840 G6 | G24: 43728 | H24: ITDGTOL00069439 | I24: 69439 | T24: =_xlfn.XLOOKUP(H24,#REF!,#REF!,0,0) -> #REF!
B25: A disposizione | E25: Hewlett-Packard | F25: HP EliteBook 840 G6 | G25: 43728 | H25: ITDGTOL00069440 | I25: 69440 | T25: =_xlfn.XLOOKUP(H25,#REF!,#REF!,0,0) -> #REF!
B26: A disposizione | E26: Hewlett-Packard | F26: HP EliteBook 840 G6 | G26: 43728 | H26: ITDGTOL00069441 | I26: 69441 | T26: =_xlfn.XLOOKUP(H26,#REF!,#REF!,0,0) -> #REF!
B27: A disposizione | E27: Hewlett-Packard | F27: HP EliteBook 840 G6 | G27: 43728 | H27: ITDGTOL00069442 | I27: 69442 | T27: =_xlfn.XLOOKUP(H27,#REF!,#REF!,0,0) -> #REF!
B28: A disposizione | E28: Hewlett-Packard | F28: HP EliteBook 840 G6 | G28: 43728 | H28: ITDGTOL00069443 | I28: 69443 | T28: =_xlfn.XLOOKUP(H28,#REF!,#REF!,0,0) -> #REF!
B29: A disposizione | E29: Hewlett-Packard | F29: HP EliteBook 840 G6 | G29: 43728 | H29: ITDGTOL00069444 | I29: 69444 | T29: =_xlfn.XLOOKUP(H29,#REF!,#REF!,0,0) -> #REF!
A30: SR922054 | B30: Vessis Costantino (ITDGTOL00059396) | D30: Finelli Antonella | E30: Hewlett-Packard | F30: HP ZBook 15 G5 | G30: 43563 | H30: ITDGTOL00069198 | I30: 69198 | J30: Security69198 | K30: OK | L30: OK | O30: OK | T30: =_xlfn.XLOOKUP(H30,#REF!,#REF!,0,0) -> #REF!
A31: SR955034 | B31: Mascolo Nicholas (IDG2502) | E31: Hewlett-Packard | F31: HP ZBook 15 G5 | G31: 43633 | H31: ITDGTOL00069317 | I31: 69317 | J31: Firenze2019 | K31: OK | N31: OK | T31: =_xlfn.XLOOKUP(H31,#REF!,#REF!,0,0) -> #REF!
A32: SR944381 | E32: Hewlett-Packard | F32: HP ZBook 15 G5 | G32: 43727 | H32: ITDGTOL00069447 | I32: 69447 | J32: Vercelli69447 | K32: OK | N32: OK | T32: =_xlfn.XLOOKUP(H32,#REF!,#REF!,0,0) -> #REF!
A33: SR961077 | B33: Chieppa, Giorgio (IDG2474) | E33: Hewlett-Packard | F33: HP ZBook 15 G5 | G33: 43727 | H33: ITDGTOL00069456 | I33: 69456 | J33: Trapani456 | K33: OK | L33: OK | N33: OK | T33: =_xlfn.XLOOKUP(H33,#REF!,#REF!,0,0) -> #REF!
A34: SR977720 | B34: Favole Riccardo (ITDGTOL00059822) | E34: Hewlett-Packard | F34: HP ZBook 15 G5 | G34: 43727 | H34: ITDGTOL00069462 | I34: 69462 | J34: Spagna69462 | K34: OK | N34: OK | T34: =_xlfn.XLOOKUP(H34,#REF!,#REF!,0,0) -> #REF!
A35: SR977721 | E35: Hewlett-Packard | F35: HP ZBook 15 G5 | G35: 43727 | H35: ITDGTOL00069463 | I35: 69463 | J35: Austria69463 | K35: OK | N35: OK | T35: =_xlfn.XLOOKUP(H35,#REF!,#REF!,0,0) -> #REF!
A36: SR978327 | E36: Hewlett-Packard | F36: HP ZBook 15 G5 | G36: 43727 | H36: ITDGTOL00069464 | I36: 69464 | J36: Africa69464 | K36: OK | N36: OK | T36: =_xlfn.XLOOKUP(H36,#REF!,#REF!,0,0) -> #REF!
A37: SR982031 | E37: Hewlett-Packard | F37: HP ZBook 15 G5 | G37: 43727 | H37: ITDGTOL00069465 | I37: 69465 | J37: Asia33 | K37: OK | N37: OK | T37: =_xlfn.XLOOKUP(H37,#REF!,#REF!,0,0) -> #REF!
A38: SR982037 | E38: Hewlett-Packard | F38: HP ZBook 15 G5 | G38: 43727 | H38: ITDGTOL00069466 | I38: 69466 | J38: Giappone66 | K38: OK | N38: OK | T38: =_xlfn.XLOOKUP(H38,#REF!,#REF!,0,0) -> #REF!
A39: SR983439 | E39: Hewlett-Packard | F39: HP ZBook 15 G5 | G39: 43727 | H39: ITDGTOL00069467 | I39: 69467 | J39: Ginevra33 | K39: OK | N39: OK | T39: =_xlfn.XLOOKUP(H39,#REF!,#REF!,0,0) -> #REF!
A40: SR983445 | B40: A disposizione | E40: Hewlett-Packard | F40: HP ZBook 15 G5 | G40: 43727 | H40: ITDGTOL00069468 | I40: 69468 | J40: Malta44 | K40: OK | N40: OK | T40: =_xlfn.XLOOKUP(H40,#REF!,#REF!,0,0) -> #REF!
B41: A disposizione | E41: Hewlett-Packard | F41: HP ZBook 15 G5 | G41: 43727 | H41: ITDGTOL00069469 | I41: 69469 | J41: Tonno69469 | K41: OK | T41: =_xlfn.XLOOKUP(H41,#REF!,#REF!,0,0) -> #REF!
B42: A disposizione | E42: Hewlett-Packard | F42: HP ZBook 15 G5 | G42: 43727 | H42: ITDGTOL00069470 | I42: 69470 | J42: Orata69470 | K42: OK | T42: =_xlfn.XLOOKUP(H42,#REF!,#REF!,0,0) -> #REF!
B43: A disposizione | E43: Hewlett-Packard | F43: HP ZBook 15 G5 | G43: 43727 | H43: ITDGTOL00069471 | I43: 69471 | J43: Sarda69471 | K43: OK | T43: =_xlfn.XLOOKUP(H43,#REF!,#REF!,0,0) -> #REF!
B44: A disposizione | E44: Hewlett-Packard | F44: HP ZBook 15 G5 | G44: 43727 | H44: ITDGTOL00069472 | I44: 69472 | J44: Alice69472 | K44: OK | T44: =_xlfn.XLOOKUP(H44,#REF!,#REF!,0,0) -> #REF!
B45: Cantaro Oscar (ITDGTOC00060618) | E45: HP | F45: Z2 Mini G3 | G45: 43271 | H45: ITDGTOC00068484 | I45: 68484 | J45: Ilmiotesssoro4 | P45: a magazzino | T45: =_xlfn.XLOOKUP(H45,#REF!,#REF!,0,0) -> #REF!
B46: Tony Saracco | E46: HP | F46: Z2 Mini G3 | H46: ITDGTOC00068456 | I46: 68456 | P46: assegnato a Tony Saracco | T46: =_xlfn.XLOOKUP(H46,#REF!,#REF!,0,0) -> #REF!
B47: Ughetti Mauro (ITDGTOC00060200) | E47: HP | F47: Z2 Mini G3 | H47: ITDGTOC00068462 | I47: 68452 | P47: a magazzino | T47: =_xlfn.XLOOKUP(H47,#REF!,#REF!,0,0) -> #REF!
B48: Ughetti Mauro (ITDGTOC00060199) | P48: a magazzino | T48: =_xlfn.XLOOKUP(H48,#REF!,#REF!,0,0) -> #REF!
B49: Pirri, Fabio (IG/D-S) | D49: Saracco | E49: HP | F49: HP Z8 G4 Workstation | G49: 43679 | H49: ITDGTOC00069360 | I49: 69360 | J49: Dlemiope66 | K49: Ok | M49: Ok | O49: Ok | T49: =_xlfn.XLOOKUP(H49,#REF!,#REF!,0,0) -> #REF!
B50: Vassallo, Alberto (IG/D-S) | D50: Saracco | E50: HP | F50: HP Z8 G4 Workstation | G50: 43679 | H50: ITDGTOC00069361 | I50: 69361 | J50: Nthirres57 | K50: Ok | M50: Ok | O50: Ok | T50: =_xlfn.XLOOKUP(H50,#REF!,#REF!,0,0) -> #REF!
B51: Costa, Daniele Roberto (IG/D-S) | D51: Saracco | E51: HP | F51: HP Z8 G4 Workstation | G51: 43679 | H51: ITDGTOC00069362 | I51: 69362 | J51: Letaneur59 | K51: Ok | M51: Ok | O51: Ok | T51: =_xlfn.XLOOKUP(H51,#REF!,#REF!,0,0) -> #REF!
A52: SR965210 | B52: Forno Silvia (ITDGTOL00059373) | E52: Hewlett-Packard | F52: HP EliteBook 840 G6 | G52: 43728 | H52: ITDGTOL00069426 | I52: 69426 | J52: Lorenzo19 | K52: OK | L52: OK | M52: OK | O52: Ok | T52: =_xlfn.XLOOKUP(H52,#REF!,#REF!,0,0) -> #REF!
A53: SR996135 | B53: Cotugno, Cosimo (ITDGTOC00059299) | D53: Balbi | E53: Hewlett-Packard | F53: HP EliteBook 840 G6 | G53: 43728 | H53: ITDGTOL00069431 | I53: 69431 | J53: Calcio69431 | K53: OK | L53: OK | M53: OK | O53: Ok | P53: 43846.625 | T53: =_xlfn.XLOOKUP(H53,#REF!,#REF!,0,0) -> #REF!
A54: SR996175 | B54: Ficco Davide (IDG2466 - Vedi note CMDB) | E54: Hewlett-Packard | F54: HP EliteBook 840 G6 | G54: 43728 | H54: ITDGTOL00069436 | I54: 69436 | J54: Viale69436 | K54: OK | M54: OK | O54: OK | T54: =_xlfn.XLOOKUP(H54,#REF!,#REF!,0,0) -> #REF!
A55: SR996157 | B55: Pizzitelli, Roberta (ITDGTOL00059363) | D55: Balbi | E55: Hewlett-Packard | F55: HP EliteBook 840 G6 | G55: 43728 | H55: ITDGTOL00069437 | I55: 69437 | J55: Corso69437 | K55: Ok | L55: Ok | M55: Ok | N55: Ok | O55: Ok | P55: 43846.438 | T55: =_xlfn.XLOOKUP(H55,#REF!,#REF!,0,0) -> #REF!
A56: SR991440 | B56: Abate Daniela (ITDGTOC00060188) | D56: Balbi | E56: Hewlett-Packard | F56: HP EliteBook 840 G6 | G56: 43728 | H56: ITDGTOL00069439 | I56: 69439 | J56: Candela39 | K56: OK | L56: OK | M56: OK | O56: OK | P56: 43847.427 | T56: =_xlfn.XLOOKUP(H56,#REF!,#REF!,0,0) -> #REF!
A57: SR991446 | B57: Ravinale Angelo (ITDGTOL00059362) | D57: Finelli | E57: Hewlett-Packard | F57: HP EliteBook 840 G6 | G57: 43728 | H57: ITDGTOL00069440 | I57: 69440 | J57: Lampada40 | K57: OK | L57: OK | M57: OK | O57: OK | P57: 43847.417 | T57: =_xlfn.XLOOKUP(H57,#REF!,#REF!,0,0) -> #REF!
B58: Ughetti Mauro (ITDGTOC00060183) | E58: Hewlett-Packard | F58: HP EliteBook 840 G6 | G58: 43728 | H58: ITDGTOL00069441 | I58: 69441 | J58: Canestro72 | K58: OK | L58: OK | M58: OK | O58: Ok | T58: =_xlfn.XLOOKUP(H58,#REF!,#REF!,0,0) -> #REF!
A59: SR991452 | B59: Vitale Enrico (ITDGTOL00059111) | E59: Hewlett-Packard | F59: HP EliteBook 840 G6 | G59: 43728 | H59: ITDGTOL00069442 | I59: 69442 | J59: Macchina42 | K59: OK | L59: OK | M59: OK | O59: OK | P59: Nichelino | T59: =_xlfn.XLOOKUP(H59,#REF!,#REF!,0,0) -> #REF!
A60: SR991458 | B60: Ena Mauro (ITDGTOL00059124) | E60: Hewlett-Packard | F60: HP EliteBook 840 G6 | G60: 43728 | H60: ITDGTOL00069443 | I60: 69443 | J60: Rotondo43 | K60: OK | M60: OK | O60: OK | P60: appuntamento fissato per il 15/12 Kisters installato | T60: =_xlfn.XLOOKUP(H60,#REF!,#REF!,0,0) -> #REF!
A61: SR994506 | B61: Zagato Alessio (ITDGTOL00059120) | D61: Zagato | E61: Hewlett-Packard | F61: HP EliteBook 840 G6 | G61: 43819 | H61: ITDGTOL00069621 | I61: 69621 | J61: Francia69621 | K61: OK | L61: OK | M61: OK | N61: OK | O61: OK | T61: =_xlfn.XLOOKUP(H61,#REF!,#REF!,0,0) -> #REF!
A62: SR996181 | B62: Pecchioli Elena (ITDGTOL00059072) | D62: Finelli | E62: Hewlett-Packard | F62: HP EliteBook 840 G6 | G62: 43819 | H62: ITDGTOL00069623 | I62: 69623 | J62: Italia69623 | K62: OK | L62: OK | M62: OK | N62: OK | P62: 43846 | T62: =_xlfn.XLOOKUP(H62,#REF!,#REF!,0,0) -> #REF!
A63: SR996169 | D63: Finelli | E63: Hewlett-Packard | F63: HP EliteBook 840 G6 | G63: 43819 | H63: ITDGTOL00069620 | I63: 69620 | J63: Marmellona88 | L63: In Corso | M63: OK | P63: 43847 | T63: =_xlfn.XLOOKUP(H63,#REF!,#REF!,0,0) -> #REF!
A64: SR998846 | B64: De Giorgis (ITDGTOC00060174) | E64: Hewlett-Packard | F64: HP ZBook 15 G5 | H64: ITDGTOL00068256 | I64: 68256 | K64: OK | L64: OK | P64: dipartimento workshop - IG/P6 ETKA | T64: =_xlfn.XLOOKUP(H64,#REF!,#REF!,0,0) -> #REF!
A65: SR998852 | B65: Pesce Mara (ITDGTOC00058676) | E65: Hewlett-Packard | F65: HP ZBook 15 G5 | H65: ITDGTOL00068798 | I65: 68798 | K65: OK | T65: =_xlfn.XLOOKUP(H65,#REF!,#REF!,0,0) -> #REF!
A66: SR922054 | B66: Vessis Costantino (ITDGTOL00059396) | D66: Finelli | E66: Hewlett-Packard | F66: HP ZBook 15 G5 | G66: 43563 | H66: ITDGTOL00069198 | I66: 69198 | J66: Security69198 | K66: OK | L66: OK | N66: OK | O66: OK | T66: =_xlfn.XLOOKUP(H66,#REF!,#REF!,0,0) -> #REF!
A67: SR944381 | B67: Ughetti Mauro (IDG2427) | D67: Zagato | E67: Hewlett-Packard | F67: HP ZBook 15 G5 | G67: 43727 | H67: ITDGTOL00069447 | I67: 69447 | J67: Vercelli69447 | K67: OK | L67: OK | M67: OK | O67: OK | T67: =_xlfn.XLOOKUP(H67,#REF!,#REF!,0,0) -> #REF!
A68: SR961077 | B68: Salvi Alessandro (ITDGTOL00059810) | D68: Finelli | E68: Hewlett-Packard | F68: HP ZBook 15 G5 | G68: 43727 | H68: ITDGTOL00069456 | I68: 69456 | J68: Trapani456 | K68: OK | L68: OK | M68: OK | O68: OK | P68: 15/01 h 10.30 Catia | T68: =_xlfn.XLOOKUP(H68,#REF!,#REF!,0,0) -> #REF!
A69: SR977720 | B69: Stella Gaetano (ITDGTOL00059145) | D69: Balbi | E69: Hewlett-Packard | F69: HP ZBook 15 G5 | G69: 43727 | H69: ITDGTOL00069462 | I69: 69462 | J69: Spagna69462 | K69: OK | L69: OK | M69: OK | O69: OK | P69: Catia Connect 16/01 14:30 | T69: =_xlfn.XLOOKUP(H69,#REF!,#REF!,0,0) -> #REF!
A70: SR977721 | B70: Pesce Mara (ITDGTOC00058845) | E70: Hewlett-Packard | F70: HP ZBook 15 G5 | G70: 43727 | H70: ITDGTOL00069463 | I70: 69463 | J70: Austria69463 | K70: OK | L70: OK | M70: OK | O70: OK | T70: =_xlfn.XLOOKUP(H70,#REF!,#REF!,0,0) -> #REF!
A71: SR978327 | B71: Castorina Riccardo (ITDGTOL00059827) | D71: Balbi | E71: Hewlett-Packard | F71: HP ZBook 15 G5 | G71: 43727 | H71: ITDGTOL00069464 | I71: 69464 | J71: Africa69464 | K71: OK | L71: OK | M71: OK | O71: OK | P71: Preso in carico, in attesa di definire modalità di sostituzione | T71: =_xlfn.XLOOKUP(H71,#REF!,#REF!,0,0) -> #REF!
A72: SR982031 | B72: Marenghi Denis (ITDGTOC00059065) | E72: Hewlett-Packard | F72: HP ZBook 15 G5 | G72: 43727 | H72: ITDGTOL00069465 | I72: 69465 | J72: Asia33 | K72: OK | L72: OK | M72: OK | O72: OK | T72: =_xlfn.XLOOKUP(H72,#REF!,#REF!,0,0) -> #REF!
A73: SR982037 | B73: Naretto Piero (ITDGTOL00059802) | E73: Hewlett-Packard | F73: HP ZBook 15 G5 | G73: 43727 | H73: ITDGTOL00069466 | I73: 69466 | J73: Giappone66 | K73: OK | L73: OK | M73: OK | O73: OK | P73: NICHELINO | T73: =_xlfn.XLOOKUP(H73,#REF!,#REF!,0,0) -> #REF!
A74: SR983439 | B74: Vasile Flavio (ITDGTOL00059800) | D74: Balbi | E74: Hewlett-Packard | F74: HP ZBook 15 G5 | G74: 43727 | H74: ITDGTOL00069467 | I74: 69467 | J74: Ginevra33 | K74: OK | L74: OK | M74: OK | N74: OK | O74: OK | P74: 43846.417 | T74: =_xlfn.XLOOKUP(H74,#REF!,#REF!,0,0) -> #REF!
B75: Raspante Massimiliano (ITDGTOL00059398) | E75: Hewlett-Packard | F75: HP ZBook 15 G5 | G75: 43727 | H75: ITDGTOL00069469 | I75: 69469 | J75: Tonno69469 | K75: OK | T75: =_xlfn.XLOOKUP(H75,#REF!,#REF!,0,0) -> #REF!
B76: Sarcone Alessandro (ITDGTOL00059494) | E76: Hewlett-Packard | F76: HP ZBook 15 G5 | G76: 43727 | H76: ITDGTOL00069470 | I76: 69470 | J76: Orata69470 | K76: OK | P76: NICHELINO | T76: =_xlfn.XLOOKUP(H76,#REF!,#REF!,0,0) -> #REF!
B77: Cantaro Oscar (ITDGTOC00060618) | E77: Hewlett-Packard | F77: HP ZBook 15 G5 | G77: 43727 | H77: ITDGTOL00069471 | I77: 69471 | J77: Sarda69471 | K77: OK | P77: NICHELINO | T77: =_xlfn.XLOOKUP(H77,#REF!,#REF!,0,0) -> #REF!
E78: Hewlett-Packard | F78: HP ZBook 15 G5 | G78: 43727 | H78: ITDGTOL00069472 | I78: 69472 | J78: Alice69472 | K78: OK | T78: =_xlfn.XLOOKUP(H78,#REF!,#REF!,0,0) -> #REF!
B79: Iannuzzi Antonietta (IG/D-2) (ITDGTOC00059352) | E79: HP | F79: HP Z8 | G79: 43809 | H79: ITDGTOC00069596 | I79: 69596 | J79: Mareggiata74 | T79: =_xlfn.XLOOKUP(H79,#REF!,#REF!,0,0) -> #REF!
B80: Brencella Leonardo (IG/D-3) (ITDGTOC00059350) | E80: HP | F80: HP Z8 | G80: 43809 | H80: ITDGTOC00069597 | I80: 69597 | J80: Mareggiata42 | T80: =_xlfn.XLOOKUP(H80,#REF!,#REF!,0,0) -> #REF!
B81: Cafaro Giuseppe (IG/D-S) (ITDGTOC00060656) | E81: HP | F81: HP Z8 | G81: 43809 | H81: ITDGTOC00069598 | I81: 69598 | J81: Mareggiata99 | T81: =_xlfn.XLOOKUP(H81,#REF!,#REF!,0,0) -> #REF!
B82: Cantaro Oscar (ITDGTOC00060618) | E82: HP | F82: Z2 Mini G3 | G82: 43271 | H82: ITDGTOC00068484 | I82: 68484 | J82: Ilmiotesssoro4 | P82: a magazzino | T82: =_xlfn.XLOOKUP(H82,#REF!,#REF!,0,0) -> #REF!
A83: OK10 | B83: Test W10 1709 -> 1809 | F83: Hewlett-Packard | G83: HP ZBOOK 15 G4 | H83: 43243 | I83: ITDGTOL00068255 | J83: 68255 | K83: CND8193JJ9 | T83: =_xlfn.XLOOKUP(H83,#REF!,#REF!,0,0) -> #REF!
A84: OK10 | B84: Gosmar | F84: Hewlett-Packard | G84: HP ZBOOK 15 G4 | H84: 43437 | I84: ITDGTOL00068939 | J84: 68939 | K84: CND8473XG7 | L84: OK | M84: OK | N84: OK | T84: =_xlfn.XLOOKUP(H84,#REF!,#REF!,0,0) -> #REF!
B85: Cananzi per VDI | F85: Hewlett-Packard | G85: HP ZBook 15 G2 | H85: 42212 | I85: ITDGTOL00060260 | J85: 60260 | K85: CND5284QNK | T85: =_xlfn.XLOOKUP(H85,#REF!,#REF!,0,0) -> #REF!
B86: Cananzi per VDI | F86: Hewlett-Packard | G86: HP ZBook 15 G2 | H86: 42552 | I86: ITDGTOL00064266 | J86: 64266 | K86: CND631400W | T86: =_xlfn.XLOOKUP(H86,#REF!,#REF!,0,0) -> #REF!
A87: OK10 | B87: Negro Frer Marco IDG2476 | D87: Ilie Marius | F87: Hewlett-Packard | G87: HP ZBook 15 G3 | H87: 42746 | I87: ITDGTOL00064568 | J87: 64568 | K87: CND65146VX | L87: OK | M87: OK | T87: =_xlfn.XLOOKUP(H87,#REF!,#REF!,0,0) -> #REF!
A88: OK10 | B88: Prostamo Antonio IDG2494 | D88: Ilie Marius | F88: Hewlett-Packard | G88: HP ZBook 15 G3 | H88: 42746 | I88: ITDGTOL00064575 | J88: 64575 | K88: CND65146VQ | L88: OK | M88: OK | T88: =_xlfn.XLOOKUP(H88,#REF!,#REF!,0,0) -> #REF!
A89: OK10 | B89: Rorato Mario IDG2493 | D89: Problema BIOS | F89: Hewlett-Packard | G89: HP ZBook 15 G3 | H89: 43144 | I89: ITDGTOL00065758 | J89: 65758 | K89: CND8054ZW5 | T89: =_xlfn.XLOOKUP(H89,#REF!,#REF!,0,0) -> #REF!
A90: OK10 | B90: SAVINO GIUSEPPE ITDGTOL00059832 | D90: Ilie Marius | E90: 16GB | F90: Hewlett-Packard | G90: HP EliteBook 840 G5 | H90: 43291 | I90: ITDGTOL00068419 | J90: 68419 | K90: 5CG82626YZ | L90: OK | M90: OK | N90: OK | O90: OK | P90: OK | T90: =_xlfn.XLOOKUP(H90,#REF!,#REF!,0,0) -> #REF!
I91: ITDGTOL00058912 | J91: 58912 | T91: =_xlfn.XLOOKUP(H91,#REF!,#REF!,0,0) -> #REF!
F92: Hewlett-Packard | G92: HP EliteBook 840 G1 | H92: 41765 | I92: ITDGTOL00058920 | J92: 58920 | K92: CNU417BM3R | T92: =_xlfn.XLOOKUP(H92,#REF!,#REF!,0,0) -> #REF!
F93: Hewlett-Packard | G93: HP EliteBook Folio 9470m | H93: 41841 | I93: ITDGTOL00059073 | J93: 59073 | K93: CNU4289LX1 | T93: =_xlfn.XLOOKUP(H93,#REF!,#REF!,0,0) -> #REF!
F94: Hewlett-Packard | G94: HP EliteBook 820 G1 | H94: 42068 | I94: ITDGTOL00059930 | J94: 59930 | K94: 5CG5092YKL | T94: =_xlfn.XLOOKUP(H94,#REF!,#REF!,0,0) -> #REF!
B95: Pirri, Fabio (IG/D-S) | D95: Saracco Antonio | E95: 42901 | F95: Hewlett-Packard | G95: Z840 | H95: 42887 | I95: ITDGTOC00064935 | J95: 64935 | K95: CZC72184CF | T95: =_xlfn.XLOOKUP(H95,#REF!,#REF!,0,0) -> #REF!
A96: OK | B96: Chursin Wladimir | D96: Ilie Marius | F96: Hewlett-Packard | G96: Z840 | H96: 43226 | I96: ITDGTOC00065961 | J96: 65961 | K96: CZC8177XV8 | L96: OK | M96: OK | N96: OK | O96: OK | P96: OK | T96: =_xlfn.XLOOKUP(H96,#REF!,#REF!,0,0) -> #REF!
A97: OK10 | B97: Ughetti (IDG2444) | F97: HP | G97: Z2 Mini G3 | H97: 43271 | I97: ITDGTOC00068469 | J97: 68469 | K97: CZC82774S1 | L97: OK | N97: OK | T97: =_xlfn.XLOOKUP(H97,#REF!,#REF!,0,0) -> #REF!
A98: OK10 | B98: Ughetti (IDG2427) | F98: HP | G98: Z2 Mini G3 | H98: 43271 | I98: ITDGTOC00068481 | J98: 68481 | K98: CZC82774S3 | L98: OK | N98: OK | T98: =_xlfn.XLOOKUP(H98,#REF!,#REF!,0,0) -> #REF!
A99: OK10 | F99: HP | G99: Z2 Mini G3 | H99: 43271 | I99: ITDGTOC00068482 | J99: 68482 | K99: CZC82774SD | L99: OK | N99: OK | T99: =_xlfn.XLOOKUP(H99,#REF!,#REF!,0,0) -> #REF!
A100: OK10 | F100: HP | G100: Z2 Mini G3 | H100: 43271 | I100: ITDGTOC00068483 | J100: 68483 | K100: CZC82774S5 | L100: OK | N100: OK | T100: =_xlfn.XLOOKUP(H100,#REF!,#REF!,0,0) -> #REF!
...
